{
  "eye": {
    "orientation": [
      0.10973464697599411,
      0,
      0,
      -0.9939609169960022
    ],
    "magnitude": 1,
    "position": [
      0,
      55.758697509765625,
      249.85537719726562
    ]
  },
  "radius": 256,
  "type": "ORTHOGRAPHIC"
}